Size, Label, Opereation Count, Exection Time, Flops
100, 100, 8000000.000000, 0.000000, inf
200, 200, 64000000.000000, 0.000000, inf
400, 400, 512000000.000000, 0.000000, inf
800, 800, 4096000000.000000, 0.010000, 409.600000
1600, 1600, 32768000000.000000, 0.070000, 468.114286
3200, 3200, 262144000000.000000, 0.260000, 1008.246154
6400, 6400, 2097152000000.000000, 1.430000, 1466.539860
12800, 12800, 16777216000000.000000, 6.990000, 2400.173963
25600, 25600, 134217728000000.000000, 33.670000, 3986.270508
