Size, Label, Opereation Count, Exection Time, Flops
100, 100, 8000000.000000, 0.000601, 13.311148
200, 200, 64000000.000000, 0.002459, 26.026840
400, 400, 512000000.000000, 0.010155, 50.418513
800, 800, 4096000000.000000, 0.045060, 90.901021
1600, 1600, 32768000000.000000, 0.228635, 143.320139
3200, 3200, 262144000000.000000, 1.228302, 213.419827
6400, 6400, 2097152000000.000000, 5.921292, 354.171353
12800, 12800, 16777216000000.000000, 37.700454, 445.013633
25600, 25600, 134217728000000.000000, 222.493805, 603.242540
