Size, Opereation Count, Exection Time, Flops
100, 8000000, 0.000000, -2147483648
200, 64000000, 0.000000, -2147483648
