Size, Label, Opereation Count, Exection Time, Flops
100, 100 , 8000000.000000, 0.000000, inf
200, 200 , 64000000.000000, 0.000000, inf
400, 400 , 512000000.000000, 0.000000, inf
800, 800 , 4096000000.000000, 0.030000, 136.533333
1600, 1600 , 32768000000.000000, 0.140000, 234.057143
3200, 3200 , 262144000000.000000, 0.600000, 436.906667
6400, 6400 , 2097152000000.000000, 2.880000, 728.177778
12800, 12800 , 16777216000000.000000, 12.190000, 1376.309762
