Size, Label, Opereation Count, Exection Time, Flops
100, 100, 8000000.000000, 0.000000, inf
200, 200, 64000000.000000, 0.000000, inf
400, 400, 512000000.000000, 0.000000, inf
800, 800, 4096000000.000000, 0.020000, 204.800000
1600, 1600, 32768000000.000000, 0.100000, 327.680000
3200, 3200, 262144000000.000000, 0.440000, 595.781818
6400, 6400, 2097152000000.000000, 2.240000, 936.228571
12800, 12800, 16777216000000.000000, 9.510000, 1764.165720
25600, 25600, 134217728000000.000000, 41.800000, 3210.950431
